# Série;Designação da série (PT);Métrica;Unidade de Medida;Período de referência;Valor;Estado
12533735;Taxa de juro (TAA) de novos empréstimos à habitação;Taxa acordada anualizada;Percentagem;2003-01-31;4.4;
12533735;Taxa de juro (TAA) de novos empréstimos à habitação;Taxa acordada anualizada;Percentagem;2003-02-28;4.25;
12533735;Taxa de juro (TAA) de novos empréstimos à habitação;Taxa acordada anualizada;Percentagem;2003-03-31;4.08;
12533735;Taxa de juro (TAA) de novos empréstimos à habitação;Taxa acordada anualizada;Percentagem;2003-04-30;4.02;
12533735;Taxa de juro (TAA) de novos empréstimos à habitação;Taxa acordada anualizada;Percentagem;2003-05-31;4.03;
12533735;Taxa de juro (TAA) de novos empréstimos à habitação;Taxa acordada anualizada;Percentagem;2003-06-30;3.7;
12533735;Taxa de juro (TAA) de novos empréstimos à habitação;Taxa acordada anualizada;Percentagem;2003-07-31;3.78;
12533735;Taxa de juro (TAA) de novos empréstimos à habitação;Taxa acordada anualizada;Percentagem;2003-08-31;3.61;
12533735;Taxa de juro (TAA) de novos empréstimos à habitação;Taxa acordada anualizada;Percentagem;2003-09-30;3.6;
12533735;Taxa de juro (TAA) de novos empréstimos à habitação;Taxa acordada anualizada;Percentagem;2003-10-31;3.54;
12533735;Taxa de juro (TAA) de novos empréstimos à habitação;Taxa acordada anualizada;Percentagem;2003-11-30;3.52;
12533735;Taxa de juro (TAA) de novos empréstimos à habitação;Taxa acordada anualizada;Percentagem;2003-12-31;3.47;
12533735;Taxa de juro (TAA) de novos empréstimos à habitação;Taxa acordada anualizada;Percentagem;2004-01-31;3.59;
12533735;Taxa de juro (TAA) de novos empréstimos à habitação;Taxa acordada anualizada;Percentagem;2004-02-29;3.53;
12533735;Taxa de juro (TAA) de novos empréstimos à habitação;Taxa acordada anualizada;Percentagem;2004-03-31;3.5;
12533735;Taxa de juro (TAA) de novos empréstimos à habitação;Taxa acordada anualizada;Percentagem;2004-04-30;3.46;
12533735;Taxa de juro (TAA) de novos empréstimos à habitação;Taxa acordada anualizada;Percentagem;2004-05-31;3.5;
12533735;Taxa de juro (TAA) de novos empréstimos à habitação;Taxa acordada anualizada;Percentagem;2004-06-30;3.5;
12533735;Taxa de juro (TAA) de novos empréstimos à habitação;Taxa acordada anualizada;Percentagem;2004-07-31;3.49;
12533735;Taxa de juro (TAA) de novos empréstimos à habitação;Taxa acordada anualizada;Percentagem;2004-08-31;3.49;
12533735;Taxa de juro (TAA) de novos empréstimos à habitação;Taxa acordada anualizada;Percentagem;2004-09-30;3.49;
12533735;Taxa de juro (TAA) de novos empréstimos à habitação;Taxa acordada anualizada;Percentagem;2004-10-31;3.48;
12533735;Taxa de juro (TAA) de novos empréstimos à habitação;Taxa acordada anualizada;Percentagem;2004-11-30;3.45;
12533735;Taxa de juro (TAA) de novos empréstimos à habitação;Taxa acordada anualizada;Percentagem;2004-12-31;3.45;
12533735;Taxa de juro (TAA) de novos empréstimos à habitação;Taxa acordada anualizada;Percentagem;2005-01-31;3.42;
12533735;Taxa de juro (TAA) de novos empréstimos à habitação;Taxa acordada anualizada;Percentagem;2005-02-28;3.44;
12533735;Taxa de juro (TAA) de novos empréstimos à habitação;Taxa acordada anualizada;Percentagem;2005-03-31;3.43;
12533735;Taxa de juro (TAA) de novos empréstimos à habitação;Taxa acordada anualizada;Percentagem;2005-04-30;3.39;
12533735;Taxa de juro (TAA) de novos empréstimos à habitação;Taxa acordada anualizada;Percentagem;2005-05-31;3.36;
12533735;Taxa de juro (TAA) de novos empréstimos à habitação;Taxa acordada anualizada;Percentagem;2005-06-30;3.34;
12533735;Taxa de juro (TAA) de novos empréstimos à habitação;Taxa acordada anualizada;Percentagem;2005-07-31;3.3;
12533735;Taxa de juro (TAA) de novos empréstimos à habitação;Taxa acordada anualizada;Percentagem;2005-08-31;3.32;
12533735;Taxa de juro (TAA) de novos empréstimos à habitação;Taxa acordada anualizada;Percentagem;2005-09-30;3.31;
12533735;Taxa de juro (TAA) de novos empréstimos à habitação;Taxa acordada anualizada;Percentagem;2005-10-31;3.3;
12533735;Taxa de juro (TAA) de novos empréstimos à habitação;Taxa acordada anualizada;Percentagem;2005-11-30;3.43;
12533735;Taxa de juro (TAA) de novos empréstimos à habitação;Taxa acordada anualizada;Percentagem;2005-12-31;3.53;
12533735;Taxa de juro (TAA) de novos empréstimos à habitação;Taxa acordada anualizada;Percentagem;2006-01-31;3.59;
12533735;Taxa de juro (TAA) de novos empréstimos à habitação;Taxa acordada anualizada;Percentagem;2006-02-28;3.66;
12533735;Taxa de juro (TAA) de novos empréstimos à habitação;Taxa acordada anualizada;Percentagem;2006-03-31;3.71;
12533735;Taxa de juro (TAA) de novos empréstimos à habitação;Taxa acordada anualizada;Percentagem;2006-04-30;3.82;
12533735;Taxa de juro (TAA) de novos empréstimos à habitação;Taxa acordada anualizada;Percentagem;2006-05-31;3.9;
12533735;Taxa de juro (TAA) de novos empréstimos à habitação;Taxa acordada anualizada;Percentagem;2006-06-30;3.96;
12533735;Taxa de juro (TAA) de novos empréstimos à habitação;Taxa acordada anualizada;Percentagem;2006-07-31;3.94;
12533735;Taxa de juro (TAA) de novos empréstimos à habitação;Taxa acordada anualizada;Percentagem;2006-08-31;4.15;
12533735;Taxa de juro (TAA) de novos empréstimos à habitação;Taxa acordada anualizada;Percentagem;2006-09-30;4.22;
12533735;Taxa de juro (TAA) de novos empréstimos à habitação;Taxa acordada anualizada;Percentagem;2006-10-31;4.32;
12533735;Taxa de juro (TAA) de novos empréstimos à habitação;Taxa acordada anualizada;Percentagem;2006-11-30;4.38;
12533735;Taxa de juro (TAA) de novos empréstimos à habitação;Taxa acordada anualizada;Percentagem;2006-12-31;4.41;
12533735;Taxa de juro (TAA) de novos empréstimos à habitação;Taxa acordada anualizada;Percentagem;2007-01-31;4.39;
12533735;Taxa de juro (TAA) de novos empréstimos à habitação;Taxa acordada anualizada;Percentagem;2007-02-28;4.48;
12533735;Taxa de juro (TAA) de novos empréstimos à habitação;Taxa acordada anualizada;Percentagem;2007-03-31;4.52;
12533735;Taxa de juro (TAA) de novos empréstimos à habitação;Taxa acordada anualizada;Percentagem;2007-04-30;4.56;
12533735;Taxa de juro (TAA) de novos empréstimos à habitação;Taxa acordada anualizada;Percentagem;2007-05-31;4.65;
12533735;Taxa de juro (TAA) de novos empréstimos à habitação;Taxa acordada anualizada;Percentagem;2007-06-30;4.72;
12533735;Taxa de juro (TAA) de novos empréstimos à habitação;Taxa acordada anualizada;Percentagem;2007-07-31;4.74;
12533735;Taxa de juro (TAA) de novos empréstimos à habitação;Taxa acordada anualizada;Percentagem;2007-08-31;4.82;
12533735;Taxa de juro (TAA) de novos empréstimos à habitação;Taxa acordada anualizada;Percentagem;2007-09-30;5.07;
12533735;Taxa de juro (TAA) de novos empréstimos à habitação;Taxa acordada anualizada;Percentagem;2007-10-31;5.23;
12533735;Taxa de juro (TAA) de novos empréstimos à habitação;Taxa acordada anualizada;Percentagem;2007-11-30;5.21;
12533735;Taxa de juro (TAA) de novos empréstimos à habitação;Taxa acordada anualizada;Percentagem;2007-12-31;5.2;
12533735;Taxa de juro (TAA) de novos empréstimos à habitação;Taxa acordada anualizada;Percentagem;2008-01-31;5.27;
12533735;Taxa de juro (TAA) de novos empréstimos à habitação;Taxa acordada anualizada;Percentagem;2008-02-29;5.12;
12533735;Taxa de juro (TAA) de novos empréstimos à habitação;Taxa acordada anualizada;Percentagem;2008-03-31;5.05;
12533735;Taxa de juro (TAA) de novos empréstimos à habitação;Taxa acordada anualizada;Percentagem;2008-04-30;5.27;
12533735;Taxa de juro (TAA) de novos empréstimos à habitação;Taxa acordada anualizada;Percentagem;2008-05-31;5.45;
12533735;Taxa de juro (TAA) de novos empréstimos à habitação;Taxa acordada anualizada;Percentagem;2008-06-30;5.61;
12533735;Taxa de juro (TAA) de novos empréstimos à habitação;Taxa acordada anualizada;Percentagem;2008-07-31;5.65;
12533735;Taxa de juro (TAA) de novos empréstimos à habitação;Taxa acordada anualizada;Percentagem;2008-08-31;5.71;
12533735;Taxa de juro (TAA) de novos empréstimos à habitação;Taxa acordada anualizada;Percentagem;2008-09-30;5.76;
12533735;Taxa de juro (TAA) de novos empréstimos à habitação;Taxa acordada anualizada;Percentagem;2008-10-31;5.67;
12533735;Taxa de juro (TAA) de novos empréstimos à habitação;Taxa acordada anualizada;Percentagem;2008-11-30;5.72;
12533735;Taxa de juro (TAA) de novos empréstimos à habitação;Taxa acordada anualizada;Percentagem;2008-12-31;4.94;
12533735;Taxa de juro (TAA) de novos empréstimos à habitação;Taxa acordada anualizada;Percentagem;2009-01-31;4.13;
12533735;Taxa de juro (TAA) de novos empréstimos à habitação;Taxa acordada anualizada;Percentagem;2009-02-28;3.45;
12533735;Taxa de juro (TAA) de novos empréstimos à habitação;Taxa acordada anualizada;Percentagem;2009-03-31;3.07;
12533735;Taxa de juro (TAA) de novos empréstimos à habitação;Taxa acordada anualizada;Percentagem;2009-04-30;2.81;
12533735;Taxa de juro (TAA) de novos empréstimos à habitação;Taxa acordada anualizada;Percentagem;2009-05-31;2.65;
12533735;Taxa de juro (TAA) de novos empréstimos à habitação;Taxa acordada anualizada;Percentagem;2009-06-30;2.57;
12533735;Taxa de juro (TAA) de novos empréstimos à habitação;Taxa acordada anualizada;Percentagem;2009-07-31;2.54;
12533735;Taxa de juro (TAA) de novos empréstimos à habitação;Taxa acordada anualizada;Percentagem;2009-08-31;2.39;
12533735;Taxa de juro (TAA) de novos empréstimos à habitação;Taxa acordada anualizada;Percentagem;2009-09-30;2.32;
12533735;Taxa de juro (TAA) de novos empréstimos à habitação;Taxa acordada anualizada;Percentagem;2009-10-31;2.28;
12533735;Taxa de juro (TAA) de novos empréstimos à habitação;Taxa acordada anualizada;Percentagem;2009-11-30;2.26;
12533735;Taxa de juro (TAA) de novos empréstimos à habitação;Taxa acordada anualizada;Percentagem;2009-12-31;2.25;
12533735;Taxa de juro (TAA) de novos empréstimos à habitação;Taxa acordada anualizada;Percentagem;2010-01-31;2.17;
12533735;Taxa de juro (TAA) de novos empréstimos à habitação;Taxa acordada anualizada;Percentagem;2010-02-28;2.2;
12533735;Taxa de juro (TAA) de novos empréstimos à habitação;Taxa acordada anualizada;Percentagem;2010-03-31;2.23;
12533735;Taxa de juro (TAA) de novos empréstimos à habitação;Taxa acordada anualizada;Percentagem;2010-04-30;2.26;
12533735;Taxa de juro (TAA) de novos empréstimos à habitação;Taxa acordada anualizada;Percentagem;2010-05-31;2.31;
12533735;Taxa de juro (TAA) de novos empréstimos à habitação;Taxa acordada anualizada;Percentagem;2010-06-30;2.28;
12533735;Taxa de juro (TAA) de novos empréstimos à habitação;Taxa acordada anualizada;Percentagem;2010-07-31;2.36;
12533735;Taxa de juro (TAA) de novos empréstimos à habitação;Taxa acordada anualizada;Percentagem;2010-08-31;2.58;
12533735;Taxa de juro (TAA) de novos empréstimos à habitação;Taxa acordada anualizada;Percentagem;2010-09-30;2.68;
12533735;Taxa de juro (TAA) de novos empréstimos à habitação;Taxa acordada anualizada;Percentagem;2010-10-31;2.73;
12533735;Taxa de juro (TAA) de novos empréstimos à habitação;Taxa acordada anualizada;Percentagem;2010-11-30;2.84;
12533735;Taxa de juro (TAA) de novos empréstimos à habitação;Taxa acordada anualizada;Percentagem;2010-12-31;2.98;
12533735;Taxa de juro (TAA) de novos empréstimos à habitação;Taxa acordada anualizada;Percentagem;2011-01-31;2.94;
12533735;Taxa de juro (TAA) de novos empréstimos à habitação;Taxa acordada anualizada;Percentagem;2011-02-28;3.05;
12533735;Taxa de juro (TAA) de novos empréstimos à habitação;Taxa acordada anualizada;Percentagem;2011-03-31;3.21;
12533735;Taxa de juro (TAA) de novos empréstimos à habitação;Taxa acordada anualizada;Percentagem;2011-04-30;3.44;
12533735;Taxa de juro (TAA) de novos empréstimos à habitação;Taxa acordada anualizada;Percentagem;2011-05-31;3.6;
12533735;Taxa de juro (TAA) de novos empréstimos à habitação;Taxa acordada anualizada;Percentagem;2011-06-30;3.76;
12533735;Taxa de juro (TAA) de novos empréstimos à habitação;Taxa acordada anualizada;Percentagem;2011-07-31;3.92;
12533735;Taxa de juro (TAA) de novos empréstimos à habitação;Taxa acordada anualizada;Percentagem;2011-08-31;4.15;
12533735;Taxa de juro (TAA) de novos empréstimos à habitação;Taxa acordada anualizada;Percentagem;2011-09-30;4.2;
12533735;Taxa de juro (TAA) de novos empréstimos à habitação;Taxa acordada anualizada;Percentagem;2011-10-31;4.27;
12533735;Taxa de juro (TAA) de novos empréstimos à habitação;Taxa acordada anualizada;Percentagem;2011-11-30;4.37;
12533735;Taxa de juro (TAA) de novos empréstimos à habitação;Taxa acordada anualizada;Percentagem;2011-12-31;4.28;
12533735;Taxa de juro (TAA) de novos empréstimos à habitação;Taxa acordada anualizada;Percentagem;2012-01-31;4.68;
12533735;Taxa de juro (TAA) de novos empréstimos à habitação;Taxa acordada anualizada;Percentagem;2012-02-29;4.44;
12533735;Taxa de juro (TAA) de novos empréstimos à habitação;Taxa acordada anualizada;Percentagem;2012-03-31;4.21;
12533735;Taxa de juro (TAA) de novos empréstimos à habitação;Taxa acordada anualizada;Percentagem;2012-04-30;4.04;
12533735;Taxa de juro (TAA) de novos empréstimos à habitação;Taxa acordada anualizada;Percentagem;2012-05-31;3.99;
12533735;Taxa de juro (TAA) de novos empréstimos à habitação;Taxa acordada anualizada;Percentagem;2012-06-30;3.9;
12533735;Taxa de juro (TAA) de novos empréstimos à habitação;Taxa acordada anualizada;Percentagem;2012-07-31;3.75;
12533735;Taxa de juro (TAA) de novos empréstimos à habitação;Taxa acordada anualizada;Percentagem;2012-08-31;3.69;
12533735;Taxa de juro (TAA) de novos empréstimos à habitação;Taxa acordada anualizada;Percentagem;2012-09-30;3.62;
12533735;Taxa de juro (TAA) de novos empréstimos à habitação;Taxa acordada anualizada;Percentagem;2012-10-31;3.44;
12533735;Taxa de juro (TAA) de novos empréstimos à habitação;Taxa acordada anualizada;Percentagem;2012-11-30;3.41;
12533735;Taxa de juro (TAA) de novos empréstimos à habitação;Taxa acordada anualizada;Percentagem;2012-12-31;3.39;
12533735;Taxa de juro (TAA) de novos empréstimos à habitação;Taxa acordada anualizada;Percentagem;2013-01-31;3.28;
12533735;Taxa de juro (TAA) de novos empréstimos à habitação;Taxa acordada anualizada;Percentagem;2013-02-28;3.3;
12533735;Taxa de juro (TAA) de novos empréstimos à habitação;Taxa acordada anualizada;Percentagem;2013-03-31;3.31;
12533735;Taxa de juro (TAA) de novos empréstimos à habitação;Taxa acordada anualizada;Percentagem;2013-04-30;3.2;
12533735;Taxa de juro (TAA) de novos empréstimos à habitação;Taxa acordada anualizada;Percentagem;2013-05-31;3.22;
12533735;Taxa de juro (TAA) de novos empréstimos à habitação;Taxa acordada anualizada;Percentagem;2013-06-30;3.16;
12533735;Taxa de juro (TAA) de novos empréstimos à habitação;Taxa acordada anualizada;Percentagem;2013-07-31;3.2;
12533735;Taxa de juro (TAA) de novos empréstimos à habitação;Taxa acordada anualizada;Percentagem;2013-08-31;3.23;
12533735;Taxa de juro (TAA) de novos empréstimos à habitação;Taxa acordada anualizada;Percentagem;2013-09-30;3.14;
12533735;Taxa de juro (TAA) de novos empréstimos à habitação;Taxa acordada anualizada;Percentagem;2013-10-31;3.26;
12533735;Taxa de juro (TAA) de novos empréstimos à habitação;Taxa acordada anualizada;Percentagem;2013-11-30;3.3;
12533735;Taxa de juro (TAA) de novos empréstimos à habitação;Taxa acordada anualizada;Percentagem;2013-12-31;3.25;
12533735;Taxa de juro (TAA) de novos empréstimos à habitação;Taxa acordada anualizada;Percentagem;2014-01-31;3.29;
12533735;Taxa de juro (TAA) de novos empréstimos à habitação;Taxa acordada anualizada;Percentagem;2014-02-28;3.44;
12533735;Taxa de juro (TAA) de novos empréstimos à habitação;Taxa acordada anualizada;Percentagem;2014-03-31;3.39;
12533735;Taxa de juro (TAA) de novos empréstimos à habitação;Taxa acordada anualizada;Percentagem;2014-04-30;3.31;
12533735;Taxa de juro (TAA) de novos empréstimos à habitação;Taxa acordada anualizada;Percentagem;2014-05-31;3.27;
12533735;Taxa de juro (TAA) de novos empréstimos à habitação;Taxa acordada anualizada;Percentagem;2014-06-30;3.25;
12533735;Taxa de juro (TAA) de novos empréstimos à habitação;Taxa acordada anualizada;Percentagem;2014-07-31;3.08;
12533735;Taxa de juro (TAA) de novos empréstimos à habitação;Taxa acordada anualizada;Percentagem;2014-08-31;3.09;
12533735;Taxa de juro (TAA) de novos empréstimos à habitação;Taxa acordada anualizada;Percentagem;2014-09-30;3.13;
12533735;Taxa de juro (TAA) de novos empréstimos à habitação;Taxa acordada anualizada;Percentagem;2014-10-31;3.01;
12533735;Taxa de juro (TAA) de novos empréstimos à habitação;Taxa acordada anualizada;Percentagem;2014-11-30;3.01;
12533735;Taxa de juro (TAA) de novos empréstimos à habitação;Taxa acordada anualizada;Percentagem;2014-12-31;3;
12533735;Taxa de juro (TAA) de novos empréstimos à habitação;Taxa acordada anualizada;Percentagem;2015-01-31;2.78;
12533735;Taxa de juro (TAA) de novos empréstimos à habitação;Taxa acordada anualizada;Percentagem;2015-02-28;2.8;
12533735;Taxa de juro (TAA) de novos empréstimos à habitação;Taxa acordada anualizada;Percentagem;2015-03-31;2.73;
12533735;Taxa de juro (TAA) de novos empréstimos à habitação;Taxa acordada anualizada;Percentagem;2015-04-30;2.45;
12533735;Taxa de juro (TAA) de novos empréstimos à habitação;Taxa acordada anualizada;Percentagem;2015-05-31;2.41;
12533735;Taxa de juro (TAA) de novos empréstimos à habitação;Taxa acordada anualizada;Percentagem;2015-06-30;2.27;
12533735;Taxa de juro (TAA) de novos empréstimos à habitação;Taxa acordada anualizada;Percentagem;2015-07-31;2.25;
12533735;Taxa de juro (TAA) de novos empréstimos à habitação;Taxa acordada anualizada;Percentagem;2015-08-31;2.23;
12533735;Taxa de juro (TAA) de novos empréstimos à habitação;Taxa acordada anualizada;Percentagem;2015-09-30;2.23;
12533735;Taxa de juro (TAA) de novos empréstimos à habitação;Taxa acordada anualizada;Percentagem;2015-10-31;2.16;
12533735;Taxa de juro (TAA) de novos empréstimos à habitação;Taxa acordada anualizada;Percentagem;2015-11-30;2.13;
12533735;Taxa de juro (TAA) de novos empréstimos à habitação;Taxa acordada anualizada;Percentagem;2015-12-31;2.16;
12533735;Taxa de juro (TAA) de novos empréstimos à habitação;Taxa acordada anualizada;Percentagem;2016-01-31;2.05;
12533735;Taxa de juro (TAA) de novos empréstimos à habitação;Taxa acordada anualizada;Percentagem;2016-02-29;2.06;
12533735;Taxa de juro (TAA) de novos empréstimos à habitação;Taxa acordada anualizada;Percentagem;2016-03-31;2.05;
12533735;Taxa de juro (TAA) de novos empréstimos à habitação;Taxa acordada anualizada;Percentagem;2016-04-30;2.02;
12533735;Taxa de juro (TAA) de novos empréstimos à habitação;Taxa acordada anualizada;Percentagem;2016-05-31;1.99;
12533735;Taxa de juro (TAA) de novos empréstimos à habitação;Taxa acordada anualizada;Percentagem;2016-06-30;1.94;
12533735;Taxa de juro (TAA) de novos empréstimos à habitação;Taxa acordada anualizada;Percentagem;2016-07-31;1.94;
12533735;Taxa de juro (TAA) de novos empréstimos à habitação;Taxa acordada anualizada;Percentagem;2016-08-31;1.92;
12533735;Taxa de juro (TAA) de novos empréstimos à habitação;Taxa acordada anualizada;Percentagem;2016-09-30;1.87;
12533735;Taxa de juro (TAA) de novos empréstimos à habitação;Taxa acordada anualizada;Percentagem;2016-10-31;1.85;
12533735;Taxa de juro (TAA) de novos empréstimos à habitação;Taxa acordada anualizada;Percentagem;2016-11-30;1.82;
12533735;Taxa de juro (TAA) de novos empréstimos à habitação;Taxa acordada anualizada;Percentagem;2016-12-31;1.83;
12533735;Taxa de juro (TAA) de novos empréstimos à habitação;Taxa acordada anualizada;Percentagem;2017-01-31;1.78;
12533735;Taxa de juro (TAA) de novos empréstimos à habitação;Taxa acordada anualizada;Percentagem;2017-02-28;1.81;
12533735;Taxa de juro (TAA) de novos empréstimos à habitação;Taxa acordada anualizada;Percentagem;2017-03-31;1.77;
12533735;Taxa de juro (TAA) de novos empréstimos à habitação;Taxa acordada anualizada;Percentagem;2017-04-30;1.72;
12533735;Taxa de juro (TAA) de novos empréstimos à habitação;Taxa acordada anualizada;Percentagem;2017-05-31;1.68;
12533735;Taxa de juro (TAA) de novos empréstimos à habitação;Taxa acordada anualizada;Percentagem;2017-06-30;1.69;
12533735;Taxa de juro (TAA) de novos empréstimos à habitação;Taxa acordada anualizada;Percentagem;2017-07-31;1.59;
12533735;Taxa de juro (TAA) de novos empréstimos à habitação;Taxa acordada anualizada;Percentagem;2017-08-31;1.6;
12533735;Taxa de juro (TAA) de novos empréstimos à habitação;Taxa acordada anualizada;Percentagem;2017-09-30;1.56;
12533735;Taxa de juro (TAA) de novos empréstimos à habitação;Taxa acordada anualizada;Percentagem;2017-10-31;1.53;
12533735;Taxa de juro (TAA) de novos empréstimos à habitação;Taxa acordada anualizada;Percentagem;2017-11-30;1.54;
12533735;Taxa de juro (TAA) de novos empréstimos à habitação;Taxa acordada anualizada;Percentagem;2017-12-31;1.57;
12533735;Taxa de juro (TAA) de novos empréstimos à habitação;Taxa acordada anualizada;Percentagem;2018-01-31;1.44;
12533735;Taxa de juro (TAA) de novos empréstimos à habitação;Taxa acordada anualizada;Percentagem;2018-02-28;1.46;
12533735;Taxa de juro (TAA) de novos empréstimos à habitação;Taxa acordada anualizada;Percentagem;2018-03-31;1.5;
12533735;Taxa de juro (TAA) de novos empréstimos à habitação;Taxa acordada anualizada;Percentagem;2018-04-30;1.46;
12533735;Taxa de juro (TAA) de novos empréstimos à habitação;Taxa acordada anualizada;Percentagem;2018-05-31;1.41;
12533735;Taxa de juro (TAA) de novos empréstimos à habitação;Taxa acordada anualizada;Percentagem;2018-06-30;1.45;
12533735;Taxa de juro (TAA) de novos empréstimos à habitação;Taxa acordada anualizada;Percentagem;2018-07-31;1.35;
12533735;Taxa de juro (TAA) de novos empréstimos à habitação;Taxa acordada anualizada;Percentagem;2018-08-31;1.36;
12533735;Taxa de juro (TAA) de novos empréstimos à habitação;Taxa acordada anualizada;Percentagem;2018-09-30;1.36;
12533735;Taxa de juro (TAA) de novos empréstimos à habitação;Taxa acordada anualizada;Percentagem;2018-10-31;1.34;
12533735;Taxa de juro (TAA) de novos empréstimos à habitação;Taxa acordada anualizada;Percentagem;2018-11-30;1.36;
12533735;Taxa de juro (TAA) de novos empréstimos à habitação;Taxa acordada anualizada;Percentagem;2018-12-31;1.41;
12533735;Taxa de juro (TAA) de novos empréstimos à habitação;Taxa acordada anualizada;Percentagem;2019-01-31;1.4;
12533735;Taxa de juro (TAA) de novos empréstimos à habitação;Taxa acordada anualizada;Percentagem;2019-02-28;1.37;
12533735;Taxa de juro (TAA) de novos empréstimos à habitação;Taxa acordada anualizada;Percentagem;2019-03-31;1.36;
12533735;Taxa de juro (TAA) de novos empréstimos à habitação;Taxa acordada anualizada;Percentagem;2019-04-30;1.33;
12533735;Taxa de juro (TAA) de novos empréstimos à habitação;Taxa acordada anualizada;Percentagem;2019-05-31;1.31;
12533735;Taxa de juro (TAA) de novos empréstimos à habitação;Taxa acordada anualizada;Percentagem;2019-06-30;1.33;
12533735;Taxa de juro (TAA) de novos empréstimos à habitação;Taxa acordada anualizada;Percentagem;2019-07-31;1.26;
12533735;Taxa de juro (TAA) de novos empréstimos à habitação;Taxa acordada anualizada;Percentagem;2019-08-31;1.11;
12533735;Taxa de juro (TAA) de novos empréstimos à habitação;Taxa acordada anualizada;Percentagem;2019-09-30;1;
12533735;Taxa de juro (TAA) de novos empréstimos à habitação;Taxa acordada anualizada;Percentagem;2019-10-31;1.02;
12533735;Taxa de juro (TAA) de novos empréstimos à habitação;Taxa acordada anualizada;Percentagem;2019-11-30;1.05;
12533735;Taxa de juro (TAA) de novos empréstimos à habitação;Taxa acordada anualizada;Percentagem;2019-12-31;1.1;
12533735;Taxa de juro (TAA) de novos empréstimos à habitação;Taxa acordada anualizada;Percentagem;2020-01-31;1.07;
12533735;Taxa de juro (TAA) de novos empréstimos à habitação;Taxa acordada anualizada;Percentagem;2020-02-29;1.06;
12533735;Taxa de juro (TAA) de novos empréstimos à habitação;Taxa acordada anualizada;Percentagem;2020-03-31;1.02;
12533735;Taxa de juro (TAA) de novos empréstimos à habitação;Taxa acordada anualizada;Percentagem;2020-04-30;1.03;
12533735;Taxa de juro (TAA) de novos empréstimos à habitação;Taxa acordada anualizada;Percentagem;2020-05-31;1.12;
12533735;Taxa de juro (TAA) de novos empréstimos à habitação;Taxa acordada anualizada;Percentagem;2020-06-30;1.16;
12533735;Taxa de juro (TAA) de novos empréstimos à habitação;Taxa acordada anualizada;Percentagem;2020-07-31;1.09;
12533735;Taxa de juro (TAA) de novos empréstimos à habitação;Taxa acordada anualizada;Percentagem;2020-08-31;0.98;
12533735;Taxa de juro (TAA) de novos empréstimos à habitação;Taxa acordada anualizada;Percentagem;2020-09-30;0.92;
12533735;Taxa de juro (TAA) de novos empréstimos à habitação;Taxa acordada anualizada;Percentagem;2020-10-31;0.87;
12533735;Taxa de juro (TAA) de novos empréstimos à habitação;Taxa acordada anualizada;Percentagem;2020-11-30;0.84;
12533735;Taxa de juro (TAA) de novos empréstimos à habitação;Taxa acordada anualizada;Percentagem;2020-12-31;0.8;
12533735;Taxa de juro (TAA) de novos empréstimos à habitação;Taxa acordada anualizada;Percentagem;2021-01-31;0.77;
12533735;Taxa de juro (TAA) de novos empréstimos à habitação;Taxa acordada anualizada;Percentagem;2021-02-28;0.76;
12533735;Taxa de juro (TAA) de novos empréstimos à habitação;Taxa acordada anualizada;Percentagem;2021-03-31;0.84;
12533735;Taxa de juro (TAA) de novos empréstimos à habitação;Taxa acordada anualizada;Percentagem;2021-04-30;0.82;
12533735;Taxa de juro (TAA) de novos empréstimos à habitação;Taxa acordada anualizada;Percentagem;2021-05-31;0.83;
12533735;Taxa de juro (TAA) de novos empréstimos à habitação;Taxa acordada anualizada;Percentagem;2021-06-30;0.83;
12533735;Taxa de juro (TAA) de novos empréstimos à habitação;Taxa acordada anualizada;Percentagem;2021-07-31;0.82;
12533735;Taxa de juro (TAA) de novos empréstimos à habitação;Taxa acordada anualizada;Percentagem;2021-08-31;0.82;
12533735;Taxa de juro (TAA) de novos empréstimos à habitação;Taxa acordada anualizada;Percentagem;2021-09-30;0.8;
12533735;Taxa de juro (TAA) de novos empréstimos à habitação;Taxa acordada anualizada;Percentagem;2021-10-31;0.81;
12533735;Taxa de juro (TAA) de novos empréstimos à habitação;Taxa acordada anualizada;Percentagem;2021-11-30;0.83;
12533735;Taxa de juro (TAA) de novos empréstimos à habitação;Taxa acordada anualizada;Percentagem;2021-12-31;0.83;
12533735;Taxa de juro (TAA) de novos empréstimos à habitação;Taxa acordada anualizada;Percentagem;2022-01-31;0.81;
12533735;Taxa de juro (TAA) de novos empréstimos à habitação;Taxa acordada anualizada;Percentagem;2022-02-28;0.87;
12533735;Taxa de juro (TAA) de novos empréstimos à habitação;Taxa acordada anualizada;Percentagem;2022-03-31;1.03;
12533735;Taxa de juro (TAA) de novos empréstimos à habitação;Taxa acordada anualizada;Percentagem;2022-04-30;1.07;
12533735;Taxa de juro (TAA) de novos empréstimos à habitação;Taxa acordada anualizada;Percentagem;2022-05-31;1.28;
12533735;Taxa de juro (TAA) de novos empréstimos à habitação;Taxa acordada anualizada;Percentagem;2022-06-30;1.47;
12533735;Taxa de juro (TAA) de novos empréstimos à habitação;Taxa acordada anualizada;Percentagem;2022-07-31;1.88;
12533735;Taxa de juro (TAA) de novos empréstimos à habitação;Taxa acordada anualizada;Percentagem;2022-08-31;2.01;
12533735;Taxa de juro (TAA) de novos empréstimos à habitação;Taxa acordada anualizada;Percentagem;2022-09-30;2.23;
12533735;Taxa de juro (TAA) de novos empréstimos à habitação;Taxa acordada anualizada;Percentagem;2022-10-31;2.86;
12533735;Taxa de juro (TAA) de novos empréstimos à habitação;Taxa acordada anualizada;Percentagem;2022-11-30;3.09;
12533735;Taxa de juro (TAA) de novos empréstimos à habitação;Taxa acordada anualizada;Percentagem;2022-12-31;3.24;
12533735;Taxa de juro (TAA) de novos empréstimos à habitação;Taxa acordada anualizada;Percentagem;2023-01-31;3.3;
12533735;Taxa de juro (TAA) de novos empréstimos à habitação;Taxa acordada anualizada;Percentagem;2023-02-28;3.51;
12533735;Taxa de juro (TAA) de novos empréstimos à habitação;Taxa acordada anualizada;Percentagem;2023-03-31;3.83;
12533735;Taxa de juro (TAA) de novos empréstimos à habitação;Taxa acordada anualizada;Percentagem;2023-04-30;3.95;
12533735;Taxa de juro (TAA) de novos empréstimos à habitação;Taxa acordada anualizada;Percentagem;2023-05-31;4.13;
12533735;Taxa de juro (TAA) de novos empréstimos à habitação;Taxa acordada anualizada;Percentagem;2023-06-30;4.2;
12533735;Taxa de juro (TAA) de novos empréstimos à habitação;Taxa acordada anualizada;Percentagem;2023-07-31;4.22;
12533735;Taxa de juro (TAA) de novos empréstimos à habitação;Taxa acordada anualizada;Percentagem;2023-08-31;4.24;
12533735;Taxa de juro (TAA) de novos empréstimos à habitação;Taxa acordada anualizada;Percentagem;2023-09-30;4.27;
12533735;Taxa de juro (TAA) de novos empréstimos à habitação;Taxa acordada anualizada;Percentagem;2023-10-31;4.25;
12533735;Taxa de juro (TAA) de novos empréstimos à habitação;Taxa acordada anualizada;Percentagem;2023-11-30;4.23;
12533735;Taxa de juro (TAA) de novos empréstimos à habitação;Taxa acordada anualizada;Percentagem;2023-12-31;4.12;
12533735;Taxa de juro (TAA) de novos empréstimos à habitação;Taxa acordada anualizada;Percentagem;2024-01-31;4.05;
12533735;Taxa de juro (TAA) de novos empréstimos à habitação;Taxa acordada anualizada;Percentagem;2024-02-29;3.92;
12533735;Taxa de juro (TAA) de novos empréstimos à habitação;Taxa acordada anualizada;Percentagem;2024-03-31;3.88;
12533735;Taxa de juro (TAA) de novos empréstimos à habitação;Taxa acordada anualizada;Percentagem;2024-04-30;3.74;
12533735;Taxa de juro (TAA) de novos empréstimos à habitação;Taxa acordada anualizada;Percentagem;2024-05-31;3.71;
12533735;Taxa de juro (TAA) de novos empréstimos à habitação;Taxa acordada anualizada;Percentagem;2024-06-30;3.75;
12533735;Taxa de juro (TAA) de novos empréstimos à habitação;Taxa acordada anualizada;Percentagem;2024-07-31;3.7;
